"Guid","Name"
01692e5c-a2ca-4d86-ab97-b9134b22ca69,Test7+
033aa5ad-7556-440e-9e95-28b2d2222a5f,Test7+987654321
03a3cf12-a715-4c06-bd99-e1ea108c4d18,Test7+-123
0645bf76-d15d-427d-b95e-8276903b5ee8,Test56
077f4f23-8d30-473c-8c50-2d32f4abf868,Test1
084a2013-a0a7-4f41-ab57-420befe4d713,Test4
1aceb9eb-0898-4c98-b7d7-5d2b69cad6d5,Test4
4d708f45-8afa-412e-a9dd-c0037e401c8e,Test2023
66394b53-4845-4c54-946f-4435a379439b,Test4
7ea918ef-7d69-43a9-b300-d7592fb74792,Test56
87ab3ee2-c8a9-4378-b589-3d2318eba664,Test1
88b5bf79-e97e-4698-867e-9037dcf2c855,Test2
88ebcd64-b40c-43ae-a039-ec2b81236d56,Test7+-123
9195507c-380d-413c-86e3-910b695f7c95,Test2
9f1e066f-9ba8-4416-85b3-43f9e9af5276,Test56
b11ca3cc-b627-4697-8665-f4b18e2c85e7,test123
b3dc1c0f-817a-44e1-a6f2-ddbede8ad5de,Test3
b57c1603-c690-4063-9fbe-062e849a91f9,Test2023
cb9b9fa6-ace3-4ca8-a1a1-cdad0f1ef2b3,test123
cc47e364-9d9d-4884-95b3-59ffdbc2939d,Test3
d404bcfa-6fa1-43a0-b66e-35eef8dc7d5a,Test3
dcf5cbae-e018-4788-9e1d-65c457d2326b,Test3
e3cd3213-0163-41a2-830b-7d339cab4cd8,Test1
e6553caf-71f0-46d0-b6c6-ca57ceeacda2,Test1
fbbea257-6fa6-4ec6-a579-ae010babae1d,Test56
fc646ef0-0e9e-4be4-8048-f64b8205a265,Test4
